{"packages/cupertino_icons/assets/CupertinoIcons.ttf":["packages/cupertino_icons/assets/CupertinoIcons.ttf"],"packages/quickalert/assets/confirm.gif":["packages/quickalert/assets/confirm.gif"],"packages/quickalert/assets/error.gif":["packages/quickalert/assets/error.gif"],"packages/quickalert/assets/info.gif":["packages/quickalert/assets/info.gif"],"packages/quickalert/assets/loading.gif":["packages/quickalert/assets/loading.gif"],"packages/quickalert/assets/success.gif":["packages/quickalert/assets/success.gif"],"packages/quickalert/assets/warning.gif":["packages/quickalert/assets/warning.gif"]}